51,Rahul,Kumar,rahulkumar@example.com,23,India,2026-03-29
52,Ananya,Singh,ananyasingh@example.com,21,India,2026-04-05
53,Vikram,Shah,vikramshah@example.com,24,India,2026-04-12
54,Neha,Kapoor,nehakapoor@example.com,22,India,2026-04-19
55,Amit,Gupta,amitgupta@example.com,23,India,2026-04-26
56,Shruti,Patel,shruti@example.com,21,India,2026-05-03
57,Aditya,Verma,aditya@example.com,24,India,2026-05-10
58,Divya,Kaur,divya@example.com,22,India,2026-05-17
59,Manish,Reddy,manish@example.com,23,India,2026-05-24
60,Isha,Jain,isha@example.com,21,India,2026-05-31
61,Nikhil,Sharma,nikhil@example.com,24,India,2026-06-07
62,Simran,Desai,simran@example.com,22,India,2026-06-14
63,Rahul,Chopra,rahulc@example.com,23,India,2026-06-21
64,Ashwini,Mehta,ashwini@example.com,21,India,2026-06-28
65,Vishal,Mishra,vishal@example.com,24,India,2026-07-05
66,Pooja,Banerjee,pooja@example.com,22,India,2026-07-12
67,Anurag,Shah,anuragshah@example.com,23,India,2026-07-19
68,Kritika,Kapoor,kritika@example.com,21,India,2026-07-26
69,Sumit,Gupta,sumit@example.com,24,India,2026-08-02
70,Riya,Patel,riya@example.com,22,India,2026-08-09
71,Harsh,Verma,harsh@example.com,23,India,2026-08-16
72,Megha,Kaur,megha@example.com,21,India,2026-08-23
73,Rohan,Reddy,rohan@example.com,24,India,2026-08-30
74,Aanya,Jain,aanya@example.com,22,India,2026-09-06
75,Tanmay,Sharma,tanmay@example.com,23,India,2026-09-13
76,Swati,Desai,swati@example.com,21,India,2026-09-20
77,Raj,Kumar,rajkumar@example.com,24,India,2026-09-27
78,Neeraj,Singh,neeraj@example.com,22,India,2026-10-04
79,Shreya,Shah,shreya@example.com,23,India,2026-10-11
80,Anil,Kapoor,anil@example.com,21,India,2026-10-18
81,Priyanka,Gupta,priyanka@example.com,24,India,2026-10-25
82,Akash,Patel,akash@example.com,22,India,2026-11-01
83,Varsha,Verma,varsha@example.com,23,India,2026-11-08
84,Karan,Kaur,karankaur@example.com,21,India,2026-11-15
85,Rekha,Reddy,rekha@example.com,24,India,2026-11-22
86,Aditya,Jain,adityajain@example.com,22,India,2026-11-29
87,Simran,Sharma,simrans@example.com,23,India,2026-12-06
88,Devika,Desai,devika@example.com,21,India,2026-12-13
89,Mayank,Kumar,mayank@example.com,24,India,2026-12-20
90,Sneha,Singh,snehas@example.com,22,India,2026-12-27
91,Rahul,Shah,rahulshah@example.com,23,India,2027-01-03
92,Ananya,Kapoor,ananya2@example.com,21,India,2027-01-10
93,Vikram,Gupta,vikram2@example.com,24,India,2027-01-17
94,Neha,Patel,neha2@example.com,22,India,2027-01-24
95,Amit,Verma,amit2@example.com,23,India,2027-01-31
96,Shruti,Kaur,shruti2@example.com,21,India,2027-02-07
97,Aditya,Reddy,aditya2@example.com,24,India,2027-02-14
98,Divya,Jain,divya2@example.com,22,India,2027-02-21
99,Manish,Sharma,manish2@example.com,23,India,2027-02-28
100,Isha,Desai,isha2@example.com,21,India,2027-03-07
101,Nikhil,Kumar,nikhil2@example.com,24,India,2027-03-14
102,Simran,Singh,simran2@example.com,22,India,2027-03-21
103,Rahul,Shah,rahul2@example.com,23,India,2027-03-28
104,Ashwini,Kapoor,ashwini2@example.com,21,India,2027-04-04
105,Vishal,Gupta,vishal2@example.com,24,India,2027-04-11
106,Pooja,Patel,pooja2@example.com,22,India,2027-04-18
107,Anurag,Verma,anurag2@example.com,23,India,2027-04-25
108,Kritika,Kaur,kritika2@example.com,21,India,2027-05-02
109,Sumit,Reddy,sumit2@example.com,24,India,2027-05-09
110,Riya,Jain,riya2@example.com,22,India,2027-05-16
111,Harsh,Sharma,harsh2@example.com,23,India,2027-05-23
112,Megha,Desai,megha2@example.com,21,India,2027-05-30
113,Rohan,Kumar,rohan2@example.com,24,India,2027-06-06
114,Aanya,Singh,aanya2@example.com,22,India,2027-06-13
115,Tanmay,Shah,tanmay2@example.com,23,India,2027-06-20
116,Swati,Kapoor,swati2@example.com,21,India,2027-06-27
117,Raj,Gupta,raj2@example.com,24,India,2027-07-04
118,Neeraj,Patel,neeraj2@example.com,22,India,2027-07-11
119,Shreya,Verma,shreya2@example.com,23,India,2027-07-18
120,Anil,Kaur,anil2@example.com,21,India,2027-07-25
121,Priyanka,Reddy,priyanka2@example.com,24,India,2027-08-01
122,Akash,Jain,akash2@example.com,22,India,2027-08-08
123,Varsha,Sharma,varsha2@example.com,23,India,2027-08-15
124,Karan,Desai,karan2@example.com,21,India,2027-08-22
125,Rekha,Kumar,rekha2@example.com,24,India,2027-08-29
126,Aditya,Singh,aditya3@example.com,22,India,2027-09-05
127,Simran,Shah,simran3@example.com,23,India,2027-09-12
128,Devika,Kapoor,devika2@example.com,21,India,2027-09-19
129,Mayank,Gupta,mayank2@example.com,24,India,2027-09-26
130,Sneha,Patel,sneha2@example.com,22,India,2027-10-03
131,Rahul,Verma,rahul3@example.com,23,India,2027-10-10
132,Ananya,Kaur,ananya3@example.com,21,India,2027-10-17
133,Vikram,Reddy,vikram3@example.com,24,India,2027-10-24
134,Neha,Jain,neha3@example.com,22,India,2027-10-31
135,Amit,Sharma,amit3@example.com,23,India,2027-11-07
136,Shruti,Desai,shruti3@example.com,21,India,2027-11-14
137,Aditya,Kumar,aditya4@example.com,24,India,2027-11-21
138,Divya,Singh,divya3@example.com,22,India,2027-11-28
139,Manish,Shah,manish3@example.com,23,India,2027-12-05
140,Isha,Kapoor,isha3@example.com,21,India,2027-12-12
141,Nikhil,Gupta,nikhil3@example.com,24,India,2027-12-19
142,Simran,Patel,simran4@example.com,22,India,2027-12-26
143,Rahul,Verma,rahul4@example.com,23,India,2028-01-02
144,Ashwini,Kaur,ashwini3@example.com,21,India,2028-01-09
145,Vishal,Reddy,vishal3@example.com,24,India,2028-01-16
146,Pooja,Jain,pooja3@example.com,22,India,2028-01-23
147,Anurag,Sharma,anurag3@example.com,23,India,2028-01-30
148,Kritika,Desai,kritika3@example.com,21,India,2028-02-06
149,Sumit,Kumar,sumit3@example.com,24,India,2028-02-13
150,Riya,Singh,riya3@example.com,22,India,2028-02-20
